"age";"job";"marital";"education";"default";"balance";"housing";"loan";"contact";"day";"month";"duration";"campaign";"pdays";"previous";"poutcome";"y"
58;"management";"married";"tertiary";"no";2143;"yes";"no";"unknown";5;"may";261;1;-1;0;"unknown";"no"
44;"technician";"single";"secondary";"no";29;"yes";"no";"unknown";5;"may";151;1;-1;0;"unknown";"no"
33;"entrepreneur";"married";"secondary";"no";2;"yes";"yes";"unknown";5;"may";76;1;-1;0;"unknown";"no"
47;"blue-collar";"married";"unknown";"no";1506;"yes";"no";"unknown";5;"may";92;1;-1;0;"unknown";"no"
33;"unknown";"single";"unknown";"no";1;"no";"no";"unknown";5;"may";198;1;-1;0;"unknown";"no"
35;"management";"married";"tertiary";"no";231;"yes";"no";"unknown";5;"may";139;1;-1;0;"unknown";"no"
28;"management";"single";"tertiary";"no";447;"yes";"yes";"unknown";5;"may";217;1;-1;0;"unknown";"no"
42;"entrepreneur";"divorced";"tertiary";"yes";2;"yes";"no";"unknown";5;"may";380;1;-1;0;"unknown";"no"
58;"retired";"married";"primary";"no";121;"yes";"no";"unknown";5;"may";50;1;-1;0;"unknown";"no"
43;"technician";"single";"secondary";"no";593;"yes";"no";"unknown";5;"may";55;1;-1;0;"unknown";"no"
41;"admin.";"divorced";"secondary";"no";270;"yes";"no";"unknown";5;"may";222;1;-1;0;"unknown";"no"
29;"admin.";"single";"secondary";"no";390;"yes";"no";"unknown";5;"may";137;1;-1;0;"unknown";"no"
53;"technician";"married";"secondary";"no";6;"yes";"no";"unknown";5;"may";517;1;-1;0;"unknown";"no"
58;"technician";"married";"unknown";"no";71;"yes";"no";"unknown";5;"may";71;1;-1;0;"unknown";"no"
57;"services";"married";"secondary";"no";162;"yes";"no";"unknown";5;"may";174;1;-1;0;"unknown";"no"
51;"retired";"married";"primary";"no";229;"yes";"no";"unknown";5;"may";353;1;-1;0;"unknown";"no"
45;"admin.";"single";"unknown";"no";13;"yes";"no";"unknown";5;"may";98;1;-1;0;"unknown";"no"
57;"blue-collar";"married";"primary";"no";52;"yes";"no";"unknown";5;"may";38;1;-1;0;"unknown";"no"
60;"retired";"married";"primary";"no";60;"yes";"no";"unknown";5;"may";219;1;-1;0;"unknown";"no"
48;"entrepreneur";"single";"tertiary";"no";2313;"no";"no";"unknown";6;"jun";130;1;-1;0;"unknown";"no"
39;"blue-collar";"married";"secondary";"no";599;"yes";"no";"unknown";6;"jun";53;1;-1;0;"unknown";"no"
41;"blue-collar";"single";"secondary";"no";656;"no";"no";"unknown";6;"jun";178;1;-1;0;"unknown";"no"
36;"services";"married";"secondary";"no";1328;"yes";"no";"unknown";6;"jun";82;4;-1;0;"unknown";"no"
44;"management";"single";"secondary";"no";13;"no";"no";"unknown";6;"jun";116;11;-1;0;"unknown";"no"
32;"services";"married";"secondary";"no";21;"no";"no";"unknown";6;"jun";144;15;-1;0;"unknown";"no"
37;"services";"single";"secondary";"no";2571;"no";"no";"unknown";6;"jun";40;2;-1;0;"unknown";"no"
51;"management";"married";"tertiary";"no";12;"no";"no";"unknown";6;"jun";90;4;-1;0;"unknown";"no"
32;"blue-collar";"married";"primary";"no";1138;"yes";"yes";"unknown";6;"jun";164;4;-1;0;"unknown";"no"
41;"services";"married";"secondary";"no";-140;"no";"yes";"unknown";6;"jun";190;1;-1;0;"unknown";"no"
26;"management";"single";"secondary";"no";565;"yes";"no";"unknown";6;"jun";582;11;-1;0;"unknown";"no"
38;"blue-collar";"married";"secondary";"no";2836;"no";"no";"unknown";6;"jun";116;3;-1;0;"unknown";"no"
36;"housemaid";"married";"primary";"no";122;"no";"no";"unknown";6;"jun";78;1;-1;0;"unknown";"no"
39;"unknown";"single";"secondary";"no";0;"no";"no";"unknown";6;"jun";188;1;-1;0;"unknown";"no"
56;"services";"married";"primary";"no";444;"yes";"no";"unknown";6;"jun";432;1;-1;0;"unknown";"no"
39;"self-employed";"married";"tertiary";"no";1047;"no";"no";"unknown";6;"jun";554;1;-1;0;"unknown";"yes"
52;"housemaid";"married";"primary";"no";1837;"no";"no";"unknown";6;"jun";118;1;-1;0;"unknown";"no"
30;"blue-collar";"divorced";"primary";"no";1;"yes";"no";"unknown";6;"jun";63;9;-1;0;"unknown";"no"
25;"management";"single";"tertiary";"no";490;"yes";"no";"unknown";6;"jun";246;3;-1;0;"unknown";"no"
60;"retired";"married";"secondary";"no";-1110;"yes";"no";"unknown";6;"jun";143;2;-1;0;"unknown";"no"
38;"blue-collar";"married";"secondary";"no";0;"no";"no";"unknown";6;"jun";361;1;-1;0;"unknown";"no"
43;"technician";"married";"tertiary";"no";80;"no";"no";"cellular";28;"aug";9;32;-1;0;"unknown";"no"
60;"retired";"married";"tertiary";"no";486;"no";"no";"cellular";28;"aug";139;4;-1;0;"unknown";"no"
42;"management";"single";"tertiary";"no";759;"no";"yes";"cellular";28;"aug";105;6;-1;0;"unknown";"no"
34;"management";"single";"tertiary";"no";46;"no";"no";"cellular";28;"aug";211;17;-1;0;"unknown";"no"
38;"student";"married";"secondary";"no";140;"no";"no";"cellular";28;"aug";12;21;-1;0;"unknown";"no"
37;"management";"married";"tertiary";"no";6743;"no";"no";"cellular";28;"aug";13;13;-1;0;"unknown";"no"
41;"technician";"married";"secondary";"no";1946;"no";"no";"cellular";28;"aug";327;9;-1;0;"unknown";"no"
59;"retired";"married";"secondary";"no";0;"no";"no";"cellular";28;"aug";23;15;-1;0;"unknown";"no"
46;"management";"married";"tertiary";"no";1906;"no";"no";"cellular";28;"aug";44;6;-1;0;"unknown";"no"
34;"technician";"married";"secondary";"no";0;"no";"no";"cellular";28;"aug";183;10;-1;0;"unknown";"no"
40;"technician";"married";"secondary";"no";1232;"no";"no";"cellular";28;"aug";175;11;-1;0;"unknown";"no"
37;"management";"married";"secondary";"no";859;"no";"no";"cellular";28;"aug";246;15;-1;0;"unknown";"no"
44;"management";"divorced";"tertiary";"no";0;"no";"no";"cellular";28;"aug";70;10;-1;0;"unknown";"no"
30;"technician";"single";"tertiary";"no";0;"no";"no";"cellular";28;"aug";20;19;-1;0;"unknown";"no"
32;"services";"single";"tertiary";"no";0;"no";"no";"cellular";28;"aug";23;12;-1;0;"unknown";"no"
50;"blue-collar";"married";"secondary";"no";6288;"no";"no";"cellular";28;"aug";20;14;-1;0;"unknown";"no"
42;"technician";"married";"secondary";"no";1013;"no";"yes";"cellular";28;"aug";117;8;-1;0;"unknown";"no"
42;"technician";"divorced";"secondary";"no";37;"no";"no";"cellular";28;"aug";28;16;-1;0;"unknown";"no"
59;"retired";"married";"secondary";"no";0;"no";"no";"cellular";28;"aug";359;7;-1;0;"unknown";"no"
44;"management";"married";"tertiary";"no";217;"yes";"no";"cellular";28;"aug";203;4;-1;0;"unknown";"no"